Mutation_in_alignment,Mutation_in_genome,Branch,Reason_not_included
C29A,C51084A,SRR2101329,Label_changes_on_branch
C46T,C95743T,SRR2101329,Label_changes_on_branch
G60C,G139781C,SRR2101329,Label_changes_on_branch
G62A,G146274A,SRR2101329,Label_changes_on_branch
A70C,A172874C,SRR2101329,Label_changes_on_branch
C117T,C299790T,SRR2101329,Label_changes_on_branch
G127C,G311714C,SRR2101329,Label_changes_on_branch
T132C,T313554C,SRR2101329,Label_changes_on_branch
C135T,C317953T,SRR2101329,Label_changes_on_branch
T137C,T321767C,SRR2101329,Label_changes_on_branch
A144C,A327002C,SRR2101329,Label_changes_on_branch
A150G,A330430G,SRR2101329,Label_changes_on_branch
C155T,C333431T,SRR2101329,Label_changes_on_branch
G162C,G338176C,SRR2101329,Label_changes_on_branch
C181T,C343642T,SRR2101329,Label_changes_on_branch
C184A,C346768A,SRR2101329,Label_changes_on_branch
G191C,G356690C,SRR2101329,Label_changes_on_branch
A195G,A361899G,SRR2101329,Label_changes_on_branch
T205C,T374046C,SRR2101329,Label_changes_on_branch
G208C,G377420C,SRR2101329,Label_changes_on_branch
G218A,G391336A,SRR2101329,Label_changes_on_branch
G219A,G392716A,SRR2101329,Label_changes_on_branch
A228G,A408061G,SRR2101329,Label_changes_on_branch
A231G,A414834G,SRR2101329,Label_changes_on_branch
A241G,A441012G,SRR2101329,Label_changes_on_branch
G250A,G462263A,SRR2101329,Label_changes_on_branch
T257C,T478691C,SRR2101329,Label_changes_on_branch
G259C,G482548C,SRR2101329,Label_changes_on_branch
C260T,C484556T,SRR2101329,Label_changes_on_branch
A266T,A491484T,SRR2101329,Label_changes_on_branch
A278C,A526053C,SRR2101329,Label_changes_on_branch
G290A,G552146A,SRR2101329,Label_changes_on_branch
T291C,T553518C,SRR2101329,Label_changes_on_branch
T292A,T554434A,SRR2101329,Label_changes_on_branch
C296T,C564841T,SRR2101329,Label_changes_on_branch
C297T,C565474T,SRR2101329,Label_changes_on_branch
C299G,C570283G,SRR2101329,Label_changes_on_branch
C312T,C597305T,SRR2101329,Label_changes_on_branch
C317T,C607337T,SRR2101329,Label_changes_on_branch
C318A,C609721A,SRR2101329,Label_changes_on_branch
C324G,C615399G,SRR2101329,Label_changes_on_branch
T332C,T624711C,SRR2101329,Label_changes_on_branch
G349A,G669380A,SRR2101329,Label_changes_on_branch
A350G,A669891G,SRR2101329,Label_changes_on_branch
G351C,G670771C,SRR2101329,Label_changes_on_branch
A355G,A680298G,SRR2101329,Label_changes_on_branch
T357A,T684679A,SRR2101329,Label_changes_on_branch
A359G,A686540G,SRR2101329,Label_changes_on_branch
G374A,G722327A,SRR2101329,Label_changes_on_branch
A393G,A766327G,SRR2101329,Label_changes_on_branch
C397A,C777986A,SRR2101329,Label_changes_on_branch
T400C,T782409C,SRR2101329,Label_changes_on_branch
G403A,G790329A,SRR2101329,Label_changes_on_branch
C411G,C809484G,SRR2101329,Label_changes_on_branch
G416C,G818742C,SRR2101329,Label_changes_on_branch
A417G,A819472G,SRR2101329,Label_changes_on_branch
G425A,G846701A,SRR2101329,Label_changes_on_branch
T429A,T862751A,SRR2101329,Label_changes_on_branch
G431A,G863982A,SRR2101329,Label_changes_on_branch
T438C,T881755C,SRR2101329,Label_changes_on_branch
T447G,T901066G,SRR2101329,Label_changes_on_branch
T451G,T906815G,SRR2101329,Label_changes_on_branch
G455A,G912976A,SRR2101329,Label_changes_on_branch
T459C,T929394C,SRR2101329,Label_changes_on_branch
C467A,C947177A,SRR2101329,Label_changes_on_branch
T472C,T964345C,SRR2101329,Label_changes_on_branch
C474G,C979230G,SRR2101329,Label_changes_on_branch
C480A,C989352A,SRR2101329,Label_changes_on_branch
A489T,A1007765T,SRR2101329,Label_changes_on_branch
G497A,G1036022A,SRR2101329,Label_changes_on_branch
G503C,G1050197C,SRR2101329,Label_changes_on_branch
A515C,A1103368C,SRR2101329,Label_changes_on_branch
T517A,T1110107A,SRR2101329,Label_changes_on_branch
C518A,C1110203A,SRR2101329,Label_changes_on_branch
G521A,G1120524A,SRR2101329,Label_changes_on_branch
A524G,A1132743G,SRR2101329,Label_changes_on_branch
G525A,G1135022A,SRR2101329,Label_changes_on_branch
G526A,G1135340A,SRR2101329,Label_changes_on_branch
A536G,A1152457G,SRR2101329,Label_changes_on_branch
G542C,G1169051C,SRR2101329,Label_changes_on_branch
A557G,A1208381G,SRR2101329,Label_changes_on_branch
A564G,A1221000G,SRR2101329,Label_changes_on_branch
T571G,T1238905G,SRR2101329,Label_changes_on_branch
C572T,C1241640T,SRR2101329,Label_changes_on_branch
C575T,C1244023T,SRR2101329,Label_changes_on_branch
G584A,G1259042A,SRR2101329,Label_changes_on_branch
G594T,G1266809T,SRR2101329,Label_changes_on_branch
G596A,G1268113A,SRR2101329,Label_changes_on_branch
T598C,T1275848C,SRR2101329,Label_changes_on_branch
C599T,C1279266T,SRR2101329,Label_changes_on_branch
G604A,G1293895A,SRR2101329,Label_changes_on_branch
C605T,C1294023T,SRR2101329,Label_changes_on_branch
G608A,G1297108A,SRR2101329,Label_changes_on_branch
T609C,T1298190C,SRR2101329,Label_changes_on_branch
G611C,G1301287C,SRR2101329,Label_changes_on_branch
A619G,A1316025G,SRR2101329,Label_changes_on_branch
T621C,T1317990C,SRR2101329,Label_changes_on_branch
C629G,C1342142G,SRR2101329,Label_changes_on_branch
G631C,G1345465C,SRR2101329,Label_changes_on_branch
C637T,C1370933T,SRR2101329,Label_changes_on_branch
G644C,G1388297C,SRR2101329,Label_changes_on_branch
G661C,G1447880C,SRR2101329,Label_changes_on_branch
A664G,A1452437G,SRR2101329,Label_changes_on_branch
G671T,G1462063T,SRR2101329,Label_changes_on_branch
A673C,A1464753C,SRR2101329,Label_changes_on_branch
G674C,G1471502C,SRR2101329,Label_changes_on_branch
T693G,T1496481G,SRR2101329,Label_changes_on_branch
C697G,C1500370G,SRR2101329,Label_changes_on_branch
C698T,C1507303T,SRR2101329,Label_changes_on_branch
A702G,A1513585G,SRR2101329,Label_changes_on_branch
A720G,A1554694G,SRR2101329,Label_changes_on_branch
T729G,T1584082G,SRR2101329,Label_changes_on_branch
C744G,C1628019G,SRR2101329,Label_changes_on_branch
C754T,C1658442T,SRR2101329,Label_changes_on_branch
A764G,A1684833G,SRR2101329,Label_changes_on_branch
T770C,T1702510C,SRR2101329,Label_changes_on_branch
G774C,G1705952C,SRR2101329,Label_changes_on_branch
T791G,T1739130G,SRR2101329,Label_changes_on_branch
T796A,T1749504A,SRR2101329,Label_changes_on_branch
G797A,G1750364A,SRR2101329,Label_changes_on_branch
G800T,G1763775T,SRR2101329,Label_changes_on_branch
A804G,A1769418G,SRR2101329,Label_changes_on_branch
G812C,G1790413C,SRR2101329,Label_changes_on_branch
A831C,A1840006C,SRR2101329,Label_changes_on_branch
T846C,T1877158C,SRR2101329,Label_changes_on_branch
G859A,G1912555A,SRR2101329,Label_changes_on_branch
G869A,G1922485A,SRR2101329,Label_changes_on_branch
T872G,T1929504G,SRR2101329,Label_changes_on_branch
A877G,A1935919G,SRR2101329,Label_changes_on_branch
G879A,G1940169A,SRR2101329,Label_changes_on_branch
A882C,A1944754C,SRR2101329,Label_changes_on_branch
G888A,G1952263A,SRR2101329,Label_changes_on_branch
A890T,A1956045T,SRR2101329,Label_changes_on_branch
T891C,T1956046C,SRR2101329,Label_changes_on_branch
G895A,G1965035A,SRR2101329,Label_changes_on_branch
A896G,A1966347G,SRR2101329,Label_changes_on_branch
T929C,T2049453C,SRR2101329,Label_changes_on_branch
T930C,T2055926C,SRR2101329,Label_changes_on_branch
G931T,G2058353T,SRR2101329,Label_changes_on_branch
A943G,A2073861G,SRR2101329,Label_changes_on_branch
T948A,T2083665A,SRR2101329,Label_changes_on_branch
T954C,T2091702C,SRR2101329,Label_changes_on_branch
T958C,T2097497C,SRR2101329,Label_changes_on_branch
T959G,T2098026G,SRR2101329,Label_changes_on_branch
C961G,C2099607G,SRR2101329,Label_changes_on_branch
C963T,C2104598T,SRR2101329,Label_changes_on_branch
G971A,G2118263A,SRR2101329,Label_changes_on_branch
C983G,C2136068G,SRR2101329,Label_changes_on_branch
G1007A,G2184814A,SRR2101329,Label_changes_on_branch
C1023T,C2210211T,SRR2101329,Label_changes_on_branch
T1026G,T2216603G,SRR2101329,Label_changes_on_branch
A1030G,A2228365G,SRR2101329,Label_changes_on_branch
T1031A,T2228503A,SRR2101329,Label_changes_on_branch
G1038A,G2248177A,SRR2101329,Label_changes_on_branch
C1039T,C2248185T,SRR2101329,Label_changes_on_branch
G1040A,G2249753A,SRR2101329,Label_changes_on_branch
C1041T,C2254416T,SRR2101329,Label_changes_on_branch
A1043G,A2258658G,SRR2101329,Label_changes_on_branch
G1045C,G2261376C,SRR2101329,Label_changes_on_branch
C1058T,C2288567T,SRR2101329,Label_changes_on_branch
T1060C,T2291600C,SRR2101329,Label_changes_on_branch
T1064C,T2300298C,SRR2101329,Label_changes_on_branch
C1066G,C2305273G,SRR2101329,Label_changes_on_branch
C1067T,C2306534T,SRR2101329,Label_changes_on_branch
A1072G,A2312501G,SRR2101329,Label_changes_on_branch
A1073C,A2315372C,SRR2101329,Label_changes_on_branch
T1078C,T2327868C,SRR2101329,Label_changes_on_branch
C1098T,C2367663T,SRR2101329,Label_changes_on_branch
T1103C,T2376104C,SRR2101329,Label_changes_on_branch
T1104C,T2376633C,SRR2101329,Label_changes_on_branch
T1106C,T2379085C,SRR2101329,Label_changes_on_branch
A1110G,A2386066G,SRR2101329,Label_changes_on_branch
T1111C,T2388230C,SRR2101329,Label_changes_on_branch
G1119A,G2408841A,SRR2101329,Label_changes_on_branch
C1120T,C2410985T,SRR2101329,Label_changes_on_branch
G1129C,G2424955C,SRR2101329,Label_changes_on_branch
G1132A,G2431169A,SRR2101329,Label_changes_on_branch
T1136C,T2433760C,SRR2101329,Label_changes_on_branch
T1146C,T2459717C,SRR2101329,Label_changes_on_branch
A1168G,A2513316G,SRR2101329,Label_changes_on_branch
C1195G,C2567772G,SRR2101329,Label_changes_on_branch
C1209T,C2620970T,SRR2101329,Label_changes_on_branch
G1221A,G2642599A,SRR2101329,Label_changes_on_branch
C1233T,C2681046T,SRR2101329,Label_changes_on_branch
C1236G,C2682420G,SRR2101329,Label_changes_on_branch
C1240T,C2686243T,SRR2101329,Label_changes_on_branch
G1244T,G2690122T,SRR2101329,Label_changes_on_branch
C1251G,C2702007G,SRR2101329,Label_changes_on_branch
G1260A,G2723957A,SRR2101329,Label_changes_on_branch
C1265A,C2735651A,SRR2101329,Label_changes_on_branch
A1275T,A2755827T,SRR2101329,Label_changes_on_branch
C1279T,C2760923T,SRR2101329,Label_changes_on_branch
A1293C,A2772015C,SRR2101329,Label_changes_on_branch
C1294T,C2778303T,SRR2101329,Label_changes_on_branch
G1295C,G2781312C,SRR2101329,Label_changes_on_branch
C1302G,C2787043G,SRR2101329,Label_changes_on_branch
A1313G,A2803635G,SRR2101329,Label_changes_on_branch
T1318C,T2814407C,SRR2101329,Label_changes_on_branch
G1326A,G2845466A,SRR2101329,Label_changes_on_branch
G1332A,G2866039A,SRR2101329,Label_changes_on_branch
C1340T,C2884293T,SRR2101329,Label_changes_on_branch
T1346C,T2895576C,SRR2101329,Label_changes_on_branch
G1357A,G2914644A,SRR2101329,Label_changes_on_branch
T1370C,T2943185C,SRR2101329,Label_changes_on_branch
A1374C,A2951423C,SRR2101329,Label_changes_on_branch
C1378G,C2961072G,SRR2101329,Label_changes_on_branch
C1379G,C2963884G,SRR2101329,Label_changes_on_branch
C1380T,C2965048T,SRR2101329,Label_changes_on_branch
A1383C,A2970362C,SRR2101329,Label_changes_on_branch
A1387G,A2977902G,SRR2101329,Label_changes_on_branch
G1388A,G2982997A,SRR2101329,Label_changes_on_branch
A1401G,A3023803G,SRR2101329,Label_changes_on_branch
T1403C,T3028920C,SRR2101329,Label_changes_on_branch
G1414C,G3044254C,SRR2101329,Label_changes_on_branch
A1428G,A3077293G,SRR2101329,Label_changes_on_branch
A1432G,A3082778G,SRR2101329,Label_changes_on_branch
A1433G,A3083802G,SRR2101329,Label_changes_on_branch
A1442G,A3109830G,SRR2101329,Label_changes_on_branch
A1443G,A3109875G,SRR2101329,Label_changes_on_branch
C1447A,C3109985A,SRR2101329,Label_changes_on_branch
C1448A,C3109986A,SRR2101329,Label_changes_on_branch
C1458T,C3128220T,SRR2101329,Label_changes_on_branch
G1460A,G3130706A,SRR2101329,Label_changes_on_branch
A1462T,A3131937T,SRR2101329,Label_changes_on_branch
T1471G,T3149902G,SRR2101329,Label_changes_on_branch
A1474C,A3152492C,SRR2101329,Label_changes_on_branch
A1481G,A3165056G,SRR2101329,Label_changes_on_branch
C1484T,C3170915T,SRR2101329,Label_changes_on_branch
C1487T,C3175369T,SRR2101329,Label_changes_on_branch
G1492A,G3183537A,SRR2101329,Label_changes_on_branch
C1500T,C3205054T,SRR2101329,Label_changes_on_branch
G1505T,G3214688T,SRR2101329,Label_changes_on_branch
C1519T,C3230899T,SRR2101329,Label_changes_on_branch
T1526C,T3253406C,SRR2101329,Label_changes_on_branch
A1528G,A3255648G,SRR2101329,Label_changes_on_branch
A1537G,A3289251G,SRR2101329,Label_changes_on_branch
A1538G,A3291632G,SRR2101329,Label_changes_on_branch
A1539G,A3297075G,SRR2101329,Label_changes_on_branch
G1542T,G3306214T,SRR2101329,Label_changes_on_branch
G1579A,G3393010A,SRR2101329,Label_changes_on_branch
C1587T,C3410125T,SRR2101329,Label_changes_on_branch
G1591C,G3418396C,SRR2101329,Label_changes_on_branch
T1613G,T3482925G,SRR2101329,Label_changes_on_branch
G1619A,G3504519A,SRR2101329,Label_changes_on_branch
T1620C,T3504605C,SRR2101329,Label_changes_on_branch
C1621T,C3509998T,SRR2101329,Label_changes_on_branch
G1623A,G3512118A,SRR2101329,Label_changes_on_branch
C1626A,C3515573A,SRR2101329,Label_changes_on_branch
T1628C,T3518475C,SRR2101329,Label_changes_on_branch
G1632A,G3520717A,SRR2101329,Label_changes_on_branch
T1637G,T3525428G,SRR2101329,Label_changes_on_branch
C1669T,C3586634T,SRR2101329,Label_changes_on_branch
A1670G,A3586635G,SRR2101329,Label_changes_on_branch
G1672C,G3588146C,SRR2101329,Label_changes_on_branch
G1692A,G3628499A,SRR2101329,Label_changes_on_branch
G1714C,G3676680C,SRR2101329,Label_changes_on_branch
G1716A,G3689443A,SRR2101329,Label_changes_on_branch
C1727T,C3709711T,SRR2101329,Label_changes_on_branch
T1729G,T3720738G,SRR2101329,Label_changes_on_branch
C1732T,C3735388T,SRR2101329,Label_changes_on_branch
C1747G,C3753846G,SRR2101329,Label_changes_on_branch
T1759C,T3782321C,SRR2101329,Label_changes_on_branch
G1769A,G3789540A,SRR2101329,Label_changes_on_branch
A1772T,A3797372T,SRR2101329,Label_changes_on_branch
G1774A,G3804760A,SRR2101329,Label_changes_on_branch
A1775G,A3805072G,SRR2101329,Label_changes_on_branch
T1779C,T3808568C,SRR2101329,Label_changes_on_branch
A1780G,A3810020G,SRR2101329,Label_changes_on_branch
G1781T,G3811011T,SRR2101329,Label_changes_on_branch
C1785T,C3815924T,SRR2101329,Label_changes_on_branch
C1788T,C3821266T,SRR2101329,Label_changes_on_branch
G1791A,G3827962A,SRR2101329,Label_changes_on_branch
T1801G,T3862715G,SRR2101329,Label_changes_on_branch
A1809G,A3880557G,SRR2101329,Label_changes_on_branch
G1818A,G3896706A,SRR2101329,Label_changes_on_branch
C1826G,C3908680G,SRR2101329,Label_changes_on_branch
T1827G,T3908707G,SRR2101329,Label_changes_on_branch
T1828G,T3909697G,SRR2101329,Label_changes_on_branch
G1833A,G3924763A,SRR2101329,Label_changes_on_branch
C1839T,C3940054T,SRR2101329,Label_changes_on_branch
C1843T,C3944417T,SRR2101329,Label_changes_on_branch
C1848T,C3949472T,SRR2101329,Label_changes_on_branch
T1849C,T3951965C,SRR2101329,Label_changes_on_branch
C1879T,C4024760T,SRR2101329,Label_changes_on_branch
G1880C,G4025765C,SRR2101329,Label_changes_on_branch
A1893G,A4053894G,SRR2101329,Label_changes_on_branch
G1911T,G4091056T,SRR2101329,Label_changes_on_branch
C1922G,C4109250G,SRR2101329,Label_changes_on_branch
T1936C,T4148200C,SRR2101329,Label_changes_on_branch
A1940C,A4161471C,SRR2101329,Label_changes_on_branch
G1945A,G4166565A,SRR2101329,Label_changes_on_branch
T1949C,T4168915C,SRR2101329,Label_changes_on_branch
A1965C,A4197829C,SRR2101329,Label_changes_on_branch
G1975A,G4211616A,SRR2101329,Label_changes_on_branch
A1987G,A4233367G,SRR2101329,Label_changes_on_branch
G1996A,G4241398A,SRR2101329,Label_changes_on_branch
C2006T,C4263671T,SRR2101329,Label_changes_on_branch
T2008G,T4269101G,SRR2101329,Label_changes_on_branch
A2011G,A4271659G,SRR2101329,Label_changes_on_branch
C2013T,C4275266T,SRR2101329,Label_changes_on_branch
T2015C,T4275690C,SRR2101329,Label_changes_on_branch
A2020G,A4276307G,SRR2101329,Label_changes_on_branch
T776C,T1712365C,SRR2100577.1,In_tract_of_three_or_more_substitutions
G777A,G1712366A,SRR2100577.1,In_tract_of_three_or_more_substitutions
A778T,A1712367T,SRR2100577.1,In_tract_of_three_or_more_substitutions
