Substitution,Number_of_mutations
A[C>A]A,3
A[C>A]C,13
A[C>A]G,8
A[C>A]T,2
C[C>A]A,5
C[C>A]C,7
C[C>A]G,23
C[C>A]T,2
G[C>A]A,14
G[C>A]C,21
G[C>A]G,32
G[C>A]T,6
T[C>A]A,6
T[C>A]C,4
T[C>A]G,16
T[C>A]T,4
A[C>G]A,8
A[C>G]C,19
A[C>G]G,14
A[C>G]T,9
C[C>G]A,17
C[C>G]C,22
C[C>G]G,31
C[C>G]T,16
G[C>G]A,17
G[C>G]C,23
G[C>G]G,23
G[C>G]T,8
T[C>G]A,6
T[C>G]C,7
T[C>G]G,14
T[C>G]T,8
A[C>T]A,23
A[C>T]C,49
A[C>T]G,60
A[C>T]T,17
C[C>T]A,63
C[C>T]C,38
C[C>T]G,129
C[C>T]T,29
G[C>T]A,51
G[C>T]C,84
G[C>T]G,157
G[C>T]T,48
T[C>T]A,25
T[C>T]C,32
T[C>T]G,79
T[C>T]T,12
A[T>A]A,2
A[T>A]C,2
A[T>A]G,1
A[T>A]T,1
C[T>A]A,3
C[T>A]C,8
C[T>A]G,8
C[T>A]T,7
G[T>A]A,1
G[T>A]C,4
G[T>A]G,5
G[T>A]T,1
T[T>A]A,1
T[T>A]C,5
T[T>A]G,5
T[T>A]T,2
A[T>C]A,16
A[T>C]C,40
A[T>C]G,31
A[T>C]T,12
C[T>C]A,11
C[T>C]C,14
C[T>C]G,32
C[T>C]T,13
G[T>C]A,27
G[T>C]C,97
G[T>C]G,64
G[T>C]T,65
T[T>C]A,14
T[T>C]C,30
T[T>C]G,27
T[T>C]T,10
A[T>G]A,3
A[T>G]C,11
A[T>G]G,4
A[T>G]T,2
C[T>G]A,5
C[T>G]C,22
C[T>G]G,21
C[T>G]T,12
G[T>G]A,1
G[T>G]C,35
G[T>G]G,8
G[T>G]T,18
T[T>G]A,0
T[T>G]C,13
T[T>G]G,1
T[T>G]T,2
